company_id,period,revenue_KRW,basis,status,source
222800,2024-Q3,324781039660,연결,분기보고서,https://kind.krx.co.kr/external/2025/11/13/000877/20251113002045/11013.htm
222800,2025-Q1,303597471102,연결,반기보고서 누적-2분기,https://kind.krx.co.kr/external/2026/08/13/001043/20260813002788/11012.htm
222800,2025-Q2,340767377716,연결,반기보고서,https://kind.krx.co.kr/external/2026/08/13/001043/20260813002788/11012.htm
222800,2025-Q3,372838724895,연결,분기보고서,https://kind.krx.co.kr/external/2025/11/13/000877/20251113002045/11013.htm
222800,2025-Q4,393356000000,연결,잠정공시 전기실적 · 백만원 반올림,https://kind.krx.co.kr/external/2026/05/06/000751/20260427001901/70956.htm
222800,2026-Q1,422371419830,연결,반기보고서 누적-2분기,https://kind.krx.co.kr/external/2026/08/13/001043/20260813002788/11012.htm
222800,2026-Q2,514564784270,연결,반기보고서,https://kind.krx.co.kr/external/2026/08/13/001043/20260813002788/11012.htm
353200,2024-Q1,214765964593,연결,반기보고서 누적-2분기,https://kind.krx.co.kr/external/2025/08/13/000822/20250813002283/11012.htm
353200,2024-Q2,238238516857,연결,반기보고서,https://kind.krx.co.kr/external/2025/08/13/000822/20250813002283/11012.htm
353200,2025-Q1,215375771235,연결,반기보고서 누적-2분기,https://kind.krx.co.kr/external/2025/08/13/000822/20250813002283/11012.htm
353200,2025-Q2,245857719982,연결,반기보고서,https://kind.krx.co.kr/external/2025/08/13/000822/20250813002283/11012.htm
353200,2026-Q1,346314163690,연결,분기보고서,https://kind.krx.co.kr/external/2026/05/14/001527/20260514003325/11013.htm
007660,2024-Q1,199610497176,연결,반기보고서 누적-2분기,https://kind.krx.co.kr/external/2025/08/14/002795/20250814008623/11012.htm
007660,2024-Q2,204739981040,연결,반기보고서,https://kind.krx.co.kr/external/2025/08/14/002795/20250814008623/11012.htm
007660,2025-Q1,252489862715,연결,반기보고서 누적-2분기,https://kind.krx.co.kr/external/2025/08/14/002795/20250814008623/11012.htm
007660,2025-Q2,241419469661,연결,반기보고서,https://kind.krx.co.kr/external/2025/08/14/002795/20250814008623/11012.htm
