company_id,period,domestic_revenue_KRW,basis,status,source
007660,2024-Q1,168364525989,별도,반기 누적−2분기,https://kind.krx.co.kr/external/2025/08/14/002795/20250814008623/11012.htm
007660,2024-Q2,174197153914,별도,반기보고서 · 3개월,https://kind.krx.co.kr/external/2025/08/14/002795/20250814008623/11012.htm
007660,2024-Q3,181599353602,별도,분기보고서 · 3개월,https://kind.krx.co.kr/external/2025/11/14/002282/20251114005181/11013.htm
007660,2025-Q1,209603611907,별도,반기 누적−2분기,https://kind.krx.co.kr/external/2025/08/14/002795/20250814008623/11012.htm
007660,2025-Q2,209705726740,별도,반기보고서 · 3개월,https://kind.krx.co.kr/external/2025/08/14/002795/20250814008623/11012.htm
007660,2025-Q3,258273761567,별도,분기보고서 · 3개월,https://kind.krx.co.kr/external/2025/11/14/002282/20251114005181/11013.htm
222800,2024-Q1,227747731225,별도,반기 누적−2분기,https://kind.krx.co.kr/external/2025/08/13/001032/20250813002821/11012.htm
222800,2024-Q2,235025292408,별도,반기보고서 · 3개월,https://kind.krx.co.kr/external/2025/08/13/001032/20250813002821/11012.htm
222800,2024-Q3,249286976269,별도,분기보고서 · 3개월,https://kind.krx.co.kr/external/2025/11/13/000877/20251113002045/11013.htm
222800,2025-Q1,229668338277,별도,반기 누적−2분기,https://kind.krx.co.kr/external/2025/08/13/001032/20250813002821/11012.htm
222800,2025-Q2,265872280276,별도,반기보고서 · 3개월,https://kind.krx.co.kr/external/2025/08/13/001032/20250813002821/11012.htm
222800,2025-Q3,289648790067,별도,분기보고서 · 3개월,https://kind.krx.co.kr/external/2025/11/13/000877/20251113002045/11013.htm
222800,2026-Q1,320729418839,별도,반기 누적−2분기,https://kind.krx.co.kr/external/2026/08/13/001043/20260813002788/11012.htm
222800,2026-Q2,379979923481,별도,반기보고서 · 3개월,https://kind.krx.co.kr/external/2026/08/13/001043/20260813002788/11012.htm
353200,2024-Q1,214765964593,별도,반기 누적−2분기,https://kind.krx.co.kr/external/2025/08/13/000822/20250813002283/11012.htm
353200,2024-Q2,238238516857,별도,반기보고서 · 3개월,https://kind.krx.co.kr/external/2025/08/13/000822/20250813002283/11012.htm
353200,2024-Q3,232654029818,별도,분기보고서 · 3개월,https://kind.krx.co.kr/external/2025/11/13/000702/20251113001702/11013.htm
353200,2025-Q1,215788472021,별도,반기 누적−2분기,https://kind.krx.co.kr/external/2025/08/13/000822/20250813002283/11012.htm
353200,2025-Q2,244973321110,별도,반기보고서 · 3개월,https://kind.krx.co.kr/external/2025/08/13/000822/20250813002283/11012.htm
353200,2025-Q3,286241515557,별도,분기보고서 · 3개월,https://kind.krx.co.kr/external/2025/11/13/000702/20251113001702/11013.htm
