월,품목명,HS코드,국가코드,국가명,수출금액_USD,수출중량_KG
2020.03,NAND Flash,8542321030,US,미국,66339,29
2020.03,NAND Flash,8542321030,CN,중국,396121982,30758
2020.03,NAND Flash,8542321030,JP,일본,104167,82
2020.03,NAND Flash,8542321030,VN,베트남,3268587,1972
2020.03,NAND Flash,8542321030,HK,홍콩,49795897,9710
2020.03,NAND Flash,8542321030,FR,프랑스,3548,8
2020.03,NAND Flash,8542321030,PL,폴란드,164254,460
2020.03,NAND Flash,8542321030,GB,영국,3328,0
2020.03,NAND Flash,8542321030,OTHER,기타,39955548,6089
2020.06,NAND Flash,8542321030,US,미국,24793,26
2020.06,NAND Flash,8542321030,CN,중국,414725625,28605
2020.06,NAND Flash,8542321030,JP,일본,41561,93
2020.06,NAND Flash,8542321030,VN,베트남,2290360,1542
2020.06,NAND Flash,8542321030,HK,홍콩,44873683,11700
2020.06,NAND Flash,8542321030,FR,프랑스,3549,6
2020.06,NAND Flash,8542321030,PL,폴란드,416397,182
2020.06,NAND Flash,8542321030,GB,영국,6766,4
2020.06,NAND Flash,8542321030,OTHER,기타,18163378,4278
2020.07,NAND Flash,8542321030,US,미국,2254,0
2020.07,NAND Flash,8542321030,CN,중국,436885959,30596
2020.07,NAND Flash,8542321030,JP,일본,52845,45
2020.07,NAND Flash,8542321030,VN,베트남,3627489,1580
2020.07,NAND Flash,8542321030,HK,홍콩,14926118,4431
2020.07,NAND Flash,8542321030,FR,프랑스,1950,4
2020.07,NAND Flash,8542321030,PL,폴란드,784671,597
2020.07,NAND Flash,8542321030,GB,영국,1000,1
2020.07,NAND Flash,8542321030,OTHER,기타,35781542,4356
2020.09,NAND Flash,8542321030,US,미국,14625,20
2020.09,NAND Flash,8542321030,CN,중국,507991344,39917
2020.09,NAND Flash,8542321030,JP,일본,30136,20
2020.09,NAND Flash,8542321030,VN,베트남,3483907,2128
2020.09,NAND Flash,8542321030,HK,홍콩,27283839,4932
2020.09,NAND Flash,8542321030,FR,프랑스,1183,2
2020.09,NAND Flash,8542321030,PL,폴란드,256359,331
2020.09,NAND Flash,8542321030,GB,영국,378,0
2020.09,NAND Flash,8542321030,OTHER,기타,42747813,5857
2020.10,NAND Flash,8542321030,US,미국,1969,3
2020.10,NAND Flash,8542321030,CN,중국,437252565,32323
2020.10,NAND Flash,8542321030,JP,일본,76990,46
2020.10,NAND Flash,8542321030,VN,베트남,2951971,1352
2020.10,NAND Flash,8542321030,HK,홍콩,31964543,8990
2020.10,NAND Flash,8542321030,FR,프랑스,2366,5
2020.10,NAND Flash,8542321030,PL,폴란드,636477,242
2020.10,NAND Flash,8542321030,GB,영국,3325,0
2020.10,NAND Flash,8542321030,OTHER,기타,32505345,3910
2020.11,NAND Flash,8542321030,US,미국,3980,3
2020.11,NAND Flash,8542321030,CN,중국,381602949,31511
2020.11,NAND Flash,8542321030,JP,일본,28048,64
2020.11,NAND Flash,8542321030,VN,베트남,2617972,1403
2020.11,NAND Flash,8542321030,HK,홍콩,67284474,15653
2020.11,NAND Flash,8542321030,FR,프랑스,1183,2
2020.11,NAND Flash,8542321030,PL,폴란드,1098193,412
2020.11,NAND Flash,8542321030,GB,영국,1825,0
2020.11,NAND Flash,8542321030,OTHER,기타,48094422,5944
2020.12,NAND Flash,8542321030,US,미국,10792,9
2020.12,NAND Flash,8542321030,CN,중국,534885280,35377
2020.12,NAND Flash,8542321030,JP,일본,62502,70
2020.12,NAND Flash,8542321030,VN,베트남,3871797,1878
2020.12,NAND Flash,8542321030,HK,홍콩,95800836,21542
2020.12,NAND Flash,8542321030,FR,프랑스,2366,4
2020.12,NAND Flash,8542321030,PL,폴란드,521439,397
2020.12,NAND Flash,8542321030,GB,영국,1686,0
2020.12,NAND Flash,8542321030,OTHER,기타,44145741,5706
2021.01,NAND Flash,8542321030,US,미국,11752,30
2021.01,NAND Flash,8542321030,CN,중국,391082409,31219
2021.01,NAND Flash,8542321030,JP,일본,94430,124
2021.01,NAND Flash,8542321030,VN,베트남,2081686,1175
2021.01,NAND Flash,8542321030,HK,홍콩,52556343,11646
2021.01,NAND Flash,8542321030,FR,프랑스,0,0
2021.01,NAND Flash,8542321030,PL,폴란드,729663,417
2021.01,NAND Flash,8542321030,GB,영국,3166,4
2021.01,NAND Flash,8542321030,OTHER,기타,42410108,6246
2021.02,NAND Flash,8542321030,US,미국,795,0
2021.02,NAND Flash,8542321030,CN,중국,357194066,28604
2021.02,NAND Flash,8542321030,JP,일본,52855,92
2021.02,NAND Flash,8542321030,VN,베트남,3522236,2175
2021.02,NAND Flash,8542321030,HK,홍콩,54059742,8838
2021.02,NAND Flash,8542321030,FR,프랑스,0,0
2021.02,NAND Flash,8542321030,PL,폴란드,883021,490
2021.02,NAND Flash,8542321030,GB,영국,3652,1
2021.02,NAND Flash,8542321030,OTHER,기타,43986824,6345
2021.03,NAND Flash,8542321030,US,미국,1594,1
2021.03,NAND Flash,8542321030,CN,중국,329624228,30878
2021.03,NAND Flash,8542321030,JP,일본,44047,71
2021.03,NAND Flash,8542321030,VN,베트남,3296313,2213
2021.03,NAND Flash,8542321030,HK,홍콩,69994686,13076
2021.03,NAND Flash,8542321030,FR,프랑스,0,0
2021.03,NAND Flash,8542321030,PL,폴란드,254654,351
2021.03,NAND Flash,8542321030,GB,영국,4303,2
2021.03,NAND Flash,8542321030,OTHER,기타,38674569,6457
2021.04,NAND Flash,8542321030,US,미국,12877,2
2021.04,NAND Flash,8542321030,CN,중국,425513609,33219
2021.04,NAND Flash,8542321030,JP,일본,8287,67
2021.04,NAND Flash,8542321030,VN,베트남,4626814,1976
2021.04,NAND Flash,8542321030,HK,홍콩,36631775,7848
2021.04,NAND Flash,8542321030,FR,프랑스,0,0
2021.04,NAND Flash,8542321030,PL,폴란드,276450,663
2021.04,NAND Flash,8542321030,GB,영국,2340,2
2021.04,NAND Flash,8542321030,OTHER,기타,24321394,4979
2021.05,NAND Flash,8542321030,US,미국,45747,45
2021.05,NAND Flash,8542321030,CN,중국,491050743,37019
2021.05,NAND Flash,8542321030,JP,일본,3899,30
2021.05,NAND Flash,8542321030,VN,베트남,3366865,1425
2021.05,NAND Flash,8542321030,HK,홍콩,51252117,8143
2021.05,NAND Flash,8542321030,FR,프랑스,0,0
2021.05,NAND Flash,8542321030,PL,폴란드,149102,281
2021.05,NAND Flash,8542321030,GB,영국,5040,1
2021.05,NAND Flash,8542321030,OTHER,기타,41532271,6733
2021.06,NAND Flash,8542321030,US,미국,25307,10
2021.06,NAND Flash,8542321030,CN,중국,505881691,35913
2021.06,NAND Flash,8542321030,JP,일본,12451,50
2021.06,NAND Flash,8542321030,VN,베트남,4297245,1645
2021.06,NAND Flash,8542321030,HK,홍콩,50916969,8666
2021.06,NAND Flash,8542321030,FR,프랑스,0,0
2021.06,NAND Flash,8542321030,PL,폴란드,188036,411
2021.06,NAND Flash,8542321030,GB,영국,5898,1
2021.06,NAND Flash,8542321030,OTHER,기타,34437171,6410
2021.07,NAND Flash,8542321030,US,미국,5531,13
2021.07,NAND Flash,8542321030,CN,중국,436116731,34021
2021.07,NAND Flash,8542321030,JP,일본,44271,41
2021.07,NAND Flash,8542321030,VN,베트남,4531403,2217
2021.07,NAND Flash,8542321030,HK,홍콩,26874492,5859
2021.07,NAND Flash,8542321030,FR,프랑스,0,0
2021.07,NAND Flash,8542321030,PL,폴란드,182361,373
2021.07,NAND Flash,8542321030,GB,영국,0,0
2021.07,NAND Flash,8542321030,OTHER,기타,26591786,4224
2021.08,NAND Flash,8542321030,US,미국,2723,2
2021.08,NAND Flash,8542321030,CN,중국,445949793,34404
2021.08,NAND Flash,8542321030,JP,일본,7093,42
2021.08,NAND Flash,8542321030,VN,베트남,5405730,2505
2021.08,NAND Flash,8542321030,HK,홍콩,67340144,9942
2021.08,NAND Flash,8542321030,FR,프랑스,0,0
2021.08,NAND Flash,8542321030,PL,폴란드,129720,260
2021.08,NAND Flash,8542321030,GB,영국,2186,0
2021.08,NAND Flash,8542321030,OTHER,기타,47319398,5471
2021.09,NAND Flash,8542321030,US,미국,4210,1
2021.09,NAND Flash,8542321030,CN,중국,482120269,34259
2021.09,NAND Flash,8542321030,JP,일본,54923,65
2021.09,NAND Flash,8542321030,VN,베트남,6159568,2348
2021.09,NAND Flash,8542321030,HK,홍콩,123783956,15830
2021.09,NAND Flash,8542321030,FR,프랑스,0,0
2021.09,NAND Flash,8542321030,PL,폴란드,213117,340
2021.09,NAND Flash,8542321030,GB,영국,0,0
2021.09,NAND Flash,8542321030,OTHER,기타,45108729,5752
2021.10,NAND Flash,8542321030,US,미국,60898,13
2021.10,NAND Flash,8542321030,CN,중국,583896834,36686
2021.10,NAND Flash,8542321030,JP,일본,8348,65
2021.10,NAND Flash,8542321030,VN,베트남,4454668,1859
2021.10,NAND Flash,8542321030,HK,홍콩,19831290,5548
2021.10,NAND Flash,8542321030,FR,프랑스,0,0
2021.10,NAND Flash,8542321030,PL,폴란드,204268,504
2021.10,NAND Flash,8542321030,GB,영국,2579,1
2021.10,NAND Flash,8542321030,OTHER,기타,25654074,3759
2021.11,NAND Flash,8542321030,US,미국,26999,15
2021.11,NAND Flash,8542321030,CN,중국,570111617,38820
2021.11,NAND Flash,8542321030,JP,일본,46170,34
2021.11,NAND Flash,8542321030,VN,베트남,6701063,2634
2021.11,NAND Flash,8542321030,HK,홍콩,27876201,6222
2021.11,NAND Flash,8542321030,FR,프랑스,983,1
2021.11,NAND Flash,8542321030,PL,폴란드,47282,32
2021.11,NAND Flash,8542321030,GB,영국,2491,0
2021.11,NAND Flash,8542321030,OTHER,기타,16306783,3618
2021.12,NAND Flash,8542321030,US,미국,7423,1
2021.12,NAND Flash,8542321030,CN,중국,438668394,32430
2021.12,NAND Flash,8542321030,JP,일본,48350,61
2021.12,NAND Flash,8542321030,VN,베트남,7650001,2472
2021.12,NAND Flash,8542321030,HK,홍콩,118747494,14271
2021.12,NAND Flash,8542321030,FR,프랑스,0,0
2021.12,NAND Flash,8542321030,PL,폴란드,76087,57
2021.12,NAND Flash,8542321030,GB,영국,43,0
2021.12,NAND Flash,8542321030,OTHER,기타,74636510,8423
2022.01,NAND Flash,8542321030,US,미국,32313,17
2022.01,NAND Flash,8542321030,CN,중국,381069495,30425
2022.01,NAND Flash,8542321030,JP,일본,8038,42
2022.01,NAND Flash,8542321030,VN,베트남,7324689,2778
2022.01,NAND Flash,8542321030,HK,홍콩,87962896,8744
2022.01,NAND Flash,8542321030,FR,프랑스,481,0
2022.01,NAND Flash,8542321030,PL,폴란드,130620,138
2022.01,NAND Flash,8542321030,GB,영국,2181,0
2022.01,NAND Flash,8542321030,OTHER,기타,45720432,5716
2022.02,NAND Flash,8542321030,US,미국,32296,31
2022.02,NAND Flash,8542321030,CN,중국,519787467,29680
2022.02,NAND Flash,8542321030,JP,일본,19012,4
2022.02,NAND Flash,8542321030,VN,베트남,7811528,2681
2022.02,NAND Flash,8542321030,HK,홍콩,69367900,8375
2022.02,NAND Flash,8542321030,FR,프랑스,0,0
2022.02,NAND Flash,8542321030,PL,폴란드,113565,171
2022.02,NAND Flash,8542321030,GB,영국,2956,0
2022.02,NAND Flash,8542321030,OTHER,기타,32047727,4704
2022.03,NAND Flash,8542321030,US,미국,19681,22
2022.03,NAND Flash,8542321030,CN,중국,604264195,31699
2022.03,NAND Flash,8542321030,JP,일본,17131,75
2022.03,NAND Flash,8542321030,VN,베트남,8952879,3535
2022.03,NAND Flash,8542321030,HK,홍콩,102888617,12141
2022.03,NAND Flash,8542321030,FR,프랑스,0,0
2022.03,NAND Flash,8542321030,PL,폴란드,280326,557
2022.03,NAND Flash,8542321030,GB,영국,444,0
2022.03,NAND Flash,8542321030,OTHER,기타,29693115,4975
2022.04,NAND Flash,8542321030,US,미국,151101,187
2022.04,NAND Flash,8542321030,CN,중국,625907403,32522
2022.04,NAND Flash,8542321030,JP,일본,22773,60
2022.04,NAND Flash,8542321030,VN,베트남,15360338,3390
2022.04,NAND Flash,8542321030,HK,홍콩,73880038,11993
2022.04,NAND Flash,8542321030,FR,프랑스,5190,13
2022.04,NAND Flash,8542321030,PL,폴란드,243318,377
2022.04,NAND Flash,8542321030,GB,영국,11,0
2022.04,NAND Flash,8542321030,OTHER,기타,26448055,4899
2022.05,NAND Flash,8542321030,US,미국,27525,15
2022.05,NAND Flash,8542321030,CN,중국,629972771,34382
2022.05,NAND Flash,8542321030,JP,일본,4630,30
2022.05,NAND Flash,8542321030,VN,베트남,10369454,3130
2022.05,NAND Flash,8542321030,HK,홍콩,137128283,17097
2022.05,NAND Flash,8542321030,FR,프랑스,0,0
2022.05,NAND Flash,8542321030,PL,폴란드,288159,496
2022.05,NAND Flash,8542321030,GB,영국,0,0
2022.05,NAND Flash,8542321030,OTHER,기타,25549180,3896
2022.06,NAND Flash,8542321030,US,미국,56176,95
2022.06,NAND Flash,8542321030,CN,중국,672615078,30504
2022.06,NAND Flash,8542321030,JP,일본,720,17
2022.06,NAND Flash,8542321030,VN,베트남,7376643,2115
2022.06,NAND Flash,8542321030,HK,홍콩,72413440,10495
2022.06,NAND Flash,8542321030,FR,프랑스,0,0
2022.06,NAND Flash,8542321030,PL,폴란드,51157,112
2022.06,NAND Flash,8542321030,GB,영국,21,0
2022.06,NAND Flash,8542321030,OTHER,기타,33968189,4070
2022.07,NAND Flash,8542321030,US,미국,26604,39
2022.07,NAND Flash,8542321030,CN,중국,679659189,30266
2022.07,NAND Flash,8542321030,JP,일본,134354,80
2022.07,NAND Flash,8542321030,VN,베트남,7009341,2274
2022.07,NAND Flash,8542321030,HK,홍콩,12970798,2505
2022.07,NAND Flash,8542321030,FR,프랑스,0,0
2022.07,NAND Flash,8542321030,PL,폴란드,213627,314
2022.07,NAND Flash,8542321030,GB,영국,142,0
2022.07,NAND Flash,8542321030,OTHER,기타,38150911,4780
2022.08,NAND Flash,8542321030,US,미국,41546,85
2022.08,NAND Flash,8542321030,CN,중국,546822891,26825
2022.08,NAND Flash,8542321030,JP,일본,321338,80
2022.08,NAND Flash,8542321030,VN,베트남,6159206,1972
2022.08,NAND Flash,8542321030,HK,홍콩,15311556,3337
2022.08,NAND Flash,8542321030,FR,프랑스,0,0
2022.08,NAND Flash,8542321030,PL,폴란드,266463,380
2022.08,NAND Flash,8542321030,GB,영국,4932,2
2022.08,NAND Flash,8542321030,OTHER,기타,49601717,6541
2022.09,NAND Flash,8542321030,US,미국,79289,24
2022.09,NAND Flash,8542321030,CN,중국,523899558,25347
2022.09,NAND Flash,8542321030,JP,일본,249788,61
2022.09,NAND Flash,8542321030,VN,베트남,8276395,2489
2022.09,NAND Flash,8542321030,HK,홍콩,111332939,25856
2022.09,NAND Flash,8542321030,FR,프랑스,0,0
2022.09,NAND Flash,8542321030,PL,폴란드,225622,309
2022.09,NAND Flash,8542321030,GB,영국,73,0
2022.09,NAND Flash,8542321030,OTHER,기타,29070362,5244
2022.10,NAND Flash,8542321030,US,미국,39842,16
2022.10,NAND Flash,8542321030,CN,중국,394495197,22364
2022.10,NAND Flash,8542321030,JP,일본,19922,53
2022.10,NAND Flash,8542321030,VN,베트남,6060147,1908
2022.10,NAND Flash,8542321030,HK,홍콩,148276549,42379
2022.10,NAND Flash,8542321030,FR,프랑스,0,0
2022.10,NAND Flash,8542321030,PL,폴란드,237640,383
2022.10,NAND Flash,8542321030,GB,영국,2196,0
2022.10,NAND Flash,8542321030,OTHER,기타,17732270,3170
2022.11,NAND Flash,8542321030,US,미국,9523,2
2022.11,NAND Flash,8542321030,CN,중국,433943272,25446
2022.11,NAND Flash,8542321030,JP,일본,9495,36
2022.11,NAND Flash,8542321030,VN,베트남,8663124,2544
2022.11,NAND Flash,8542321030,HK,홍콩,52274009,15452
2022.11,NAND Flash,8542321030,FR,프랑스,0,0
2022.11,NAND Flash,8542321030,PL,폴란드,208510,358
2022.11,NAND Flash,8542321030,GB,영국,0,0
2022.11,NAND Flash,8542321030,OTHER,기타,21811869,4008
2022.12,NAND Flash,8542321030,US,미국,9146,1
2022.12,NAND Flash,8542321030,CN,중국,293445645,23934
2022.12,NAND Flash,8542321030,JP,일본,4448,18
2022.12,NAND Flash,8542321030,VN,베트남,6767355,1815
2022.12,NAND Flash,8542321030,HK,홍콩,25777180,9783
2022.12,NAND Flash,8542321030,FR,프랑스,0,0
2022.12,NAND Flash,8542321030,PL,폴란드,243667,254
2022.12,NAND Flash,8542321030,GB,영국,0,0
2022.12,NAND Flash,8542321030,OTHER,기타,20374141,4345
2023.01,NAND Flash,8542321030,US,미국,16344,6
2023.01,NAND Flash,8542321030,CN,중국,329834795,17650
2023.01,NAND Flash,8542321030,JP,일본,147695,39
2023.01,NAND Flash,8542321030,VN,베트남,8700884,2064
2023.01,NAND Flash,8542321030,HK,홍콩,11762292,3952
2023.01,NAND Flash,8542321030,FR,프랑스,0,0
2023.01,NAND Flash,8542321030,PL,폴란드,273802,392
2023.01,NAND Flash,8542321030,GB,영국,148,0
2023.01,NAND Flash,8542321030,OTHER,기타,13475660,3166
2023.02,NAND Flash,8542321030,US,미국,37116,36
2023.02,NAND Flash,8542321030,CN,중국,439118814,30370
2023.02,NAND Flash,8542321030,JP,일본,287067,67
2023.02,NAND Flash,8542321030,VN,베트남,6141868,1558
2023.02,NAND Flash,8542321030,HK,홍콩,29670405,12978
2023.02,NAND Flash,8542321030,FR,프랑스,0,0
2023.02,NAND Flash,8542321030,PL,폴란드,208921,426
2023.02,NAND Flash,8542321030,GB,영국,247,0
2023.02,NAND Flash,8542321030,OTHER,기타,16597057,3043
2023.03,NAND Flash,8542321030,US,미국,141432,38
2023.03,NAND Flash,8542321030,CN,중국,469519114,32471
2023.03,NAND Flash,8542321030,JP,일본,152253,30
2023.03,NAND Flash,8542321030,VN,베트남,8919454,2445
2023.03,NAND Flash,8542321030,HK,홍콩,136128632,49760
2023.03,NAND Flash,8542321030,FR,프랑스,0,0
2023.03,NAND Flash,8542321030,PL,폴란드,176362,289
2023.03,NAND Flash,8542321030,GB,영국,2186,0
2023.03,NAND Flash,8542321030,OTHER,기타,22404672,6197
2023.04,NAND Flash,8542321030,US,미국,66838,22
2023.04,NAND Flash,8542321030,CN,중국,298722103,23217
2023.04,NAND Flash,8542321030,JP,일본,1897,15
2023.04,NAND Flash,8542321030,VN,베트남,18058611,2663
2023.04,NAND Flash,8542321030,HK,홍콩,17973568,6376
2023.04,NAND Flash,8542321030,FR,프랑스,0,0
2023.04,NAND Flash,8542321030,PL,폴란드,284389,469
2023.04,NAND Flash,8542321030,GB,영국,0,0
2023.04,NAND Flash,8542321030,OTHER,기타,17378870,4025
2023.05,NAND Flash,8542321030,US,미국,127490,36
2023.05,NAND Flash,8542321030,CN,중국,300331201,21629
2023.05,NAND Flash,8542321030,JP,일본,134257,33
2023.05,NAND Flash,8542321030,VN,베트남,18955165,2442
2023.05,NAND Flash,8542321030,HK,홍콩,21410417,7433
2023.05,NAND Flash,8542321030,FR,프랑스,0,0
2023.05,NAND Flash,8542321030,PL,폴란드,241320,399
2023.05,NAND Flash,8542321030,GB,영국,319,0
2023.05,NAND Flash,8542321030,OTHER,기타,29262811,6714
2023.06,NAND Flash,8542321030,US,미국,61309,32
2023.06,NAND Flash,8542321030,CN,중국,361631620,43673
2023.06,NAND Flash,8542321030,JP,일본,85158,15
2023.06,NAND Flash,8542321030,VN,베트남,17108709,2668
2023.06,NAND Flash,8542321030,HK,홍콩,43184902,14510
2023.06,NAND Flash,8542321030,FR,프랑스,0,0
2023.06,NAND Flash,8542321030,PL,폴란드,203947,317
2023.06,NAND Flash,8542321030,GB,영국,143,0
2023.06,NAND Flash,8542321030,OTHER,기타,46961631,11939
2023.07,NAND Flash,8542321030,US,미국,70577,33
2023.07,NAND Flash,8542321030,CN,중국,279514920,23869
2023.07,NAND Flash,8542321030,JP,일본,184875,35
2023.07,NAND Flash,8542321030,VN,베트남,27466938,3009
2023.07,NAND Flash,8542321030,HK,홍콩,19526827,8242
2023.07,NAND Flash,8542321030,FR,프랑스,0,0
2023.07,NAND Flash,8542321030,PL,폴란드,391817,616
2023.07,NAND Flash,8542321030,GB,영국,1351,0
2023.07,NAND Flash,8542321030,OTHER,기타,27917062,7069
2023.08,NAND Flash,8542321030,US,미국,210947,50
2023.08,NAND Flash,8542321030,CN,중국,482627251,34534
2023.08,NAND Flash,8542321030,JP,일본,136580,35
2023.08,NAND Flash,8542321030,VN,베트남,21661673,2605
2023.08,NAND Flash,8542321030,HK,홍콩,24061384,9906
2023.08,NAND Flash,8542321030,FR,프랑스,0,0
2023.08,NAND Flash,8542321030,PL,폴란드,224314,409
2023.08,NAND Flash,8542321030,GB,영국,4679,1
2023.08,NAND Flash,8542321030,OTHER,기타,34280235,11658
2023.09,NAND Flash,8542321030,US,미국,192297,44
2023.09,NAND Flash,8542321030,CN,중국,593009087,52074
2023.09,NAND Flash,8542321030,JP,일본,18056,31
2023.09,NAND Flash,8542321030,VN,베트남,17783343,2820
2023.09,NAND Flash,8542321030,HK,홍콩,36379818,9838
2023.09,NAND Flash,8542321030,FR,프랑스,7475,1
2023.09,NAND Flash,8542321030,PL,폴란드,285326,373
2023.09,NAND Flash,8542321030,GB,영국,5050,1
2023.09,NAND Flash,8542321030,OTHER,기타,63377899,17136
2023.10,NAND Flash,8542321030,US,미국,134937,40
2023.10,NAND Flash,8542321030,CN,중국,468305856,31068
2023.10,NAND Flash,8542321030,JP,일본,36786,15
2023.10,NAND Flash,8542321030,VN,베트남,23819126,3680
2023.10,NAND Flash,8542321030,HK,홍콩,22908499,6127
2023.10,NAND Flash,8542321030,FR,프랑스,0,0
2023.10,NAND Flash,8542321030,PL,폴란드,284240,452
2023.10,NAND Flash,8542321030,GB,영국,1558,1
2023.10,NAND Flash,8542321030,OTHER,기타,47941527,13269
2023.11,NAND Flash,8542321030,US,미국,75982,12
2023.11,NAND Flash,8542321030,CN,중국,456172095,29818
2023.11,NAND Flash,8542321030,JP,일본,4293,5
2023.11,NAND Flash,8542321030,VN,베트남,21791804,3145
2023.11,NAND Flash,8542321030,HK,홍콩,51111913,8732
2023.11,NAND Flash,8542321030,FR,프랑스,0,0
2023.11,NAND Flash,8542321030,PL,폴란드,254663,344
2023.11,NAND Flash,8542321030,GB,영국,0,0
2023.11,NAND Flash,8542321030,OTHER,기타,47516942,10426
2023.12,NAND Flash,8542321030,US,미국,199312,12
2023.12,NAND Flash,8542321030,CN,중국,364696414,21997
2023.12,NAND Flash,8542321030,JP,일본,168,4
2023.12,NAND Flash,8542321030,VN,베트남,18345119,4045
2023.12,NAND Flash,8542321030,HK,홍콩,185448761,30861
2023.12,NAND Flash,8542321030,FR,프랑스,0,0
2023.12,NAND Flash,8542321030,PL,폴란드,257916,258
2023.12,NAND Flash,8542321030,GB,영국,1712,1
2023.12,NAND Flash,8542321030,OTHER,기타,54534351,11389
2024.01,NAND Flash,8542321030,US,미국,134495,15
2024.01,NAND Flash,8542321030,CN,중국,729141715,34783
2024.01,NAND Flash,8542321030,JP,일본,157,13
2024.01,NAND Flash,8542321030,VN,베트남,26172849,3570
2024.01,NAND Flash,8542321030,HK,홍콩,50493175,14647
2024.01,NAND Flash,8542321030,FR,프랑스,0,0
2024.01,NAND Flash,8542321030,PL,폴란드,312821,416
2024.01,NAND Flash,8542321030,GB,영국,0,0
2024.01,NAND Flash,8542321030,OTHER,기타,51303376,9952
2024.02,NAND Flash,8542321030,US,미국,383475,32
2024.02,NAND Flash,8542321030,CN,중국,779758836,34404
2024.02,NAND Flash,8542321030,JP,일본,1690,12
2024.02,NAND Flash,8542321030,VN,베트남,19605800,3178
2024.02,NAND Flash,8542321030,HK,홍콩,36933920,9225
2024.02,NAND Flash,8542321030,FR,프랑스,0,0
2024.02,NAND Flash,8542321030,PL,폴란드,223819,371
2024.02,NAND Flash,8542321030,GB,영국,2117,0
2024.02,NAND Flash,8542321030,OTHER,기타,52208899,8852
2024.03,NAND Flash,8542321030,US,미국,54993,9
2024.03,NAND Flash,8542321030,CN,중국,662472570,29405
2024.03,NAND Flash,8542321030,JP,일본,239987,25
2024.03,NAND Flash,8542321030,VN,베트남,16654932,3314
2024.03,NAND Flash,8542321030,HK,홍콩,75419266,10991
2024.03,NAND Flash,8542321030,FR,프랑스,0,0
2024.03,NAND Flash,8542321030,PL,폴란드,272937,554
2024.03,NAND Flash,8542321030,GB,영국,67,0
2024.03,NAND Flash,8542321030,OTHER,기타,61880544,10698
2024.04,NAND Flash,8542321030,US,미국,54749,8
2024.04,NAND Flash,8542321030,CN,중국,518270639,23426
2024.04,NAND Flash,8542321030,JP,일본,11914,18
2024.04,NAND Flash,8542321030,VN,베트남,20076501,3887
2024.04,NAND Flash,8542321030,HK,홍콩,27611301,6354
2024.04,NAND Flash,8542321030,FR,프랑스,0,0
2024.04,NAND Flash,8542321030,PL,폴란드,351856,441
2024.04,NAND Flash,8542321030,GB,영국,0,0
2024.04,NAND Flash,8542321030,OTHER,기타,49005785,8458
2024.05,NAND Flash,8542321030,US,미국,29888,2
2024.05,NAND Flash,8542321030,CN,중국,595479232,25670
2024.05,NAND Flash,8542321030,JP,일본,405,32
2024.05,NAND Flash,8542321030,VN,베트남,20914791,3519
2024.05,NAND Flash,8542321030,HK,홍콩,30384718,5296
2024.05,NAND Flash,8542321030,FR,프랑스,0,0
2024.05,NAND Flash,8542321030,PL,폴란드,279176,360
2024.05,NAND Flash,8542321030,GB,영국,0,0
2024.05,NAND Flash,8542321030,OTHER,기타,38546035,7019
2024.06,NAND Flash,8542321030,US,미국,219163,12
2024.06,NAND Flash,8542321030,CN,중국,557007952,25186
2024.06,NAND Flash,8542321030,JP,일본,270633,62
2024.06,NAND Flash,8542321030,VN,베트남,18183536,4847
2024.06,NAND Flash,8542321030,HK,홍콩,41096980,6358
2024.06,NAND Flash,8542321030,FR,프랑스,0,0
2024.06,NAND Flash,8542321030,PL,폴란드,236143,301
2024.06,NAND Flash,8542321030,GB,영국,5960,1
2024.06,NAND Flash,8542321030,OTHER,기타,60847013,8708
2024.07,NAND Flash,8542321030,US,미국,67912,12
2024.07,NAND Flash,8542321030,CN,중국,447065967,21350
2024.07,NAND Flash,8542321030,JP,일본,15544,8
2024.07,NAND Flash,8542321030,VN,베트남,27049556,6281
2024.07,NAND Flash,8542321030,HK,홍콩,22481509,4998
2024.07,NAND Flash,8542321030,FR,프랑스,0,0
2024.07,NAND Flash,8542321030,PL,폴란드,264530,431
2024.07,NAND Flash,8542321030,GB,영국,12663,2
2024.07,NAND Flash,8542321030,OTHER,기타,39188724,5268
2024.08,NAND Flash,8542321030,US,미국,143059,12
2024.08,NAND Flash,8542321030,CN,중국,314615647,14738
2024.08,NAND Flash,8542321030,JP,일본,2712,57
2024.08,NAND Flash,8542321030,VN,베트남,9194800,3005
2024.08,NAND Flash,8542321030,HK,홍콩,23230843,5828
2024.08,NAND Flash,8542321030,FR,프랑스,0,0
2024.08,NAND Flash,8542321030,PL,폴란드,317798,384
2024.08,NAND Flash,8542321030,GB,영국,0,0
2024.08,NAND Flash,8542321030,OTHER,기타,40507293,6295
2024.09,NAND Flash,8542321030,US,미국,172524,21
2024.09,NAND Flash,8542321030,CN,중국,487381085,18820
2024.09,NAND Flash,8542321030,JP,일본,108991,72
2024.09,NAND Flash,8542321030,VN,베트남,13979419,2834
2024.09,NAND Flash,8542321030,HK,홍콩,62557514,11192
2024.09,NAND Flash,8542321030,FR,프랑스,0,0
2024.09,NAND Flash,8542321030,PL,폴란드,144769,124
2024.09,NAND Flash,8542321030,GB,영국,106,0
2024.09,NAND Flash,8542321030,OTHER,기타,62494988,7582
2024.10,NAND Flash,8542321030,US,미국,102356,8
2024.10,NAND Flash,8542321030,CN,중국,371012644,18383
2024.10,NAND Flash,8542321030,JP,일본,4719,49
2024.10,NAND Flash,8542321030,VN,베트남,10588030,3273
2024.10,NAND Flash,8542321030,HK,홍콩,21202025,5953
2024.10,NAND Flash,8542321030,FR,프랑스,0,0
2024.10,NAND Flash,8542321030,PL,폴란드,153130,181
2024.10,NAND Flash,8542321030,GB,영국,0,0
2024.10,NAND Flash,8542321030,OTHER,기타,37361871,4752
2024.11,NAND Flash,8542321030,US,미국,189566,32
2024.11,NAND Flash,8542321030,CN,중국,401922854,21518
2024.11,NAND Flash,8542321030,JP,일본,15528,64
2024.11,NAND Flash,8542321030,VN,베트남,15180130,3577
2024.11,NAND Flash,8542321030,HK,홍콩,31109483,12998
2024.11,NAND Flash,8542321030,FR,프랑스,0,0
2024.11,NAND Flash,8542321030,PL,폴란드,295215,362
2024.11,NAND Flash,8542321030,GB,영국,2310,1
2024.11,NAND Flash,8542321030,OTHER,기타,30217041,7316
2024.12,NAND Flash,8542321030,US,미국,595015,38
2024.12,NAND Flash,8542321030,CN,중국,326067547,15703
2024.12,NAND Flash,8542321030,JP,일본,8542,48
2024.12,NAND Flash,8542321030,VN,베트남,24465029,4118
2024.12,NAND Flash,8542321030,HK,홍콩,222236368,16644
2024.12,NAND Flash,8542321030,FR,프랑스,0,0
2024.12,NAND Flash,8542321030,PL,폴란드,141800,187
2024.12,NAND Flash,8542321030,GB,영국,0,0
2024.12,NAND Flash,8542321030,OTHER,기타,39483806,5448
2025.01,NAND Flash,8542321030,US,미국,492891,28
2025.01,NAND Flash,8542321030,CN,중국,242838538,10912
2025.01,NAND Flash,8542321030,JP,일본,7123,102
2025.01,NAND Flash,8542321030,VN,베트남,10323571,2735
2025.01,NAND Flash,8542321030,HK,홍콩,25647832,9707
2025.01,NAND Flash,8542321030,FR,프랑스,0,0
2025.01,NAND Flash,8542321030,PL,폴란드,265480,307
2025.01,NAND Flash,8542321030,GB,영국,0,0
2025.01,NAND Flash,8542321030,OTHER,기타,27695442,4451
2025.02,NAND Flash,8542321030,US,미국,139309,14
2025.02,NAND Flash,8542321030,CN,중국,227005008,12885
2025.02,NAND Flash,8542321030,JP,일본,3837,24
2025.02,NAND Flash,8542321030,VN,베트남,18674610,3350
2025.02,NAND Flash,8542321030,HK,홍콩,24902398,27108
2025.02,NAND Flash,8542321030,FR,프랑스,0,0
2025.02,NAND Flash,8542321030,PL,폴란드,296935,441
2025.02,NAND Flash,8542321030,GB,영국,0,0
2025.02,NAND Flash,8542321030,OTHER,기타,23080536,2957
2025.03,NAND Flash,8542321030,US,미국,71143,16
2025.03,NAND Flash,8542321030,CN,중국,293430290,15910
2025.03,NAND Flash,8542321030,JP,일본,6376,29
2025.03,NAND Flash,8542321030,VN,베트남,12467723,2733
2025.03,NAND Flash,8542321030,HK,홍콩,135899782,33102
2025.03,NAND Flash,8542321030,FR,프랑스,0,0
2025.03,NAND Flash,8542321030,PL,폴란드,248326,230
2025.03,NAND Flash,8542321030,GB,영국,0,0
2025.03,NAND Flash,8542321030,OTHER,기타,84526650,13505
2025.04,NAND Flash,8542321030,US,미국,307901,109
2025.04,NAND Flash,8542321030,CN,중국,290857541,17347
2025.04,NAND Flash,8542321030,JP,일본,21094,27
2025.04,NAND Flash,8542321030,VN,베트남,20895802,3430
2025.04,NAND Flash,8542321030,HK,홍콩,56369902,5052
2025.04,NAND Flash,8542321030,FR,프랑스,6700,62
2025.04,NAND Flash,8542321030,PL,폴란드,368776,445
2025.04,NAND Flash,8542321030,GB,영국,5844,21
2025.04,NAND Flash,8542321030,OTHER,기타,61422159,6519
2025.05,NAND Flash,8542321030,US,미국,98539,4
2025.05,NAND Flash,8542321030,CN,중국,373772857,19772
2025.05,NAND Flash,8542321030,JP,일본,8043,33
2025.05,NAND Flash,8542321030,VN,베트남,29056276,4584
2025.05,NAND Flash,8542321030,HK,홍콩,102246624,9754
2025.05,NAND Flash,8542321030,FR,프랑스,0,0
2025.05,NAND Flash,8542321030,PL,폴란드,274199,409
2025.05,NAND Flash,8542321030,GB,영국,146,0
2025.05,NAND Flash,8542321030,OTHER,기타,55802194,7611
2025.06,NAND Flash,8542321030,US,미국,113120,13
2025.06,NAND Flash,8542321030,CN,중국,307757157,16565
2025.06,NAND Flash,8542321030,JP,일본,3419,16
2025.06,NAND Flash,8542321030,VN,베트남,28055210,4784
2025.06,NAND Flash,8542321030,HK,홍콩,223046596,24736
2025.06,NAND Flash,8542321030,FR,프랑스,0,0
2025.06,NAND Flash,8542321030,PL,폴란드,181360,310
2025.06,NAND Flash,8542321030,GB,영국,0,0
2025.06,NAND Flash,8542321030,OTHER,기타,61582409,8652
2025.07,NAND Flash,8542321030,US,미국,204527,12
2025.07,NAND Flash,8542321030,CN,중국,309029015,17059
2025.07,NAND Flash,8542321030,JP,일본,3527,38
2025.07,NAND Flash,8542321030,VN,베트남,31922827,6432
2025.07,NAND Flash,8542321030,HK,홍콩,65668118,7953
2025.07,NAND Flash,8542321030,FR,프랑스,0,0
2025.07,NAND Flash,8542321030,PL,폴란드,152922,165
2025.07,NAND Flash,8542321030,GB,영국,0,0
2025.07,NAND Flash,8542321030,OTHER,기타,54612267,7062
2025.08,NAND Flash,8542321030,US,미국,21691,1
2025.08,NAND Flash,8542321030,CN,중국,404053405,18105
2025.08,NAND Flash,8542321030,JP,일본,11854,34
2025.08,NAND Flash,8542321030,VN,베트남,46343061,7610
2025.08,NAND Flash,8542321030,HK,홍콩,154605098,12548
2025.08,NAND Flash,8542321030,FR,프랑스,0,0
2025.08,NAND Flash,8542321030,PL,폴란드,273434,386
2025.08,NAND Flash,8542321030,GB,영국,0,0
2025.08,NAND Flash,8542321030,OTHER,기타,40157310,5233
2025.09,NAND Flash,8542321030,US,미국,1224,0
2025.09,NAND Flash,8542321030,CN,중국,397502279,22170
2025.09,NAND Flash,8542321030,JP,일본,16582,60
2025.09,NAND Flash,8542321030,VN,베트남,47248000,7641
2025.09,NAND Flash,8542321030,HK,홍콩,195873996,15930
2025.09,NAND Flash,8542321030,FR,프랑스,0,0
2025.09,NAND Flash,8542321030,PL,폴란드,180624,222
2025.09,NAND Flash,8542321030,GB,영국,0,0
2025.09,NAND Flash,8542321030,OTHER,기타,65906893,8351
2025.10,NAND Flash,8542321030,US,미국,148000,7
2025.10,NAND Flash,8542321030,CN,중국,499749761,18843
2025.10,NAND Flash,8542321030,JP,일본,33882,33
2025.10,NAND Flash,8542321030,VN,베트남,67777086,7574
2025.10,NAND Flash,8542321030,HK,홍콩,62928217,5367
2025.10,NAND Flash,8542321030,FR,프랑스,0,0
2025.10,NAND Flash,8542321030,PL,폴란드,145082,274
2025.10,NAND Flash,8542321030,GB,영국,207,0
2025.10,NAND Flash,8542321030,OTHER,기타,42145291,5815
2025.11,NAND Flash,8542321030,US,미국,29606,11
2025.11,NAND Flash,8542321030,CN,중국,849414142,23818
2025.11,NAND Flash,8542321030,JP,일본,11197,27
2025.11,NAND Flash,8542321030,VN,베트남,45524555,4507
2025.11,NAND Flash,8542321030,HK,홍콩,164749451,7255
2025.11,NAND Flash,8542321030,FR,프랑스,0,0
2025.11,NAND Flash,8542321030,PL,폴란드,157988,338
2025.11,NAND Flash,8542321030,GB,영국,5058,2
2025.11,NAND Flash,8542321030,OTHER,기타,41359825,4852
2025.12,NAND Flash,8542321030,US,미국,123231,10
2025.12,NAND Flash,8542321030,CN,중국,813576929,24354
2025.12,NAND Flash,8542321030,JP,일본,23619,17
2025.12,NAND Flash,8542321030,VN,베트남,43790503,3908
2025.12,NAND Flash,8542321030,HK,홍콩,363807914,10238
2025.12,NAND Flash,8542321030,FR,프랑스,0,0
2025.12,NAND Flash,8542321030,PL,폴란드,154921,220
2025.12,NAND Flash,8542321030,GB,영국,380,0
2025.12,NAND Flash,8542321030,OTHER,기타,54117229,6243
2026.01,NAND Flash,8542321030,US,미국,2072,2
2026.01,NAND Flash,8542321030,CN,중국,921848343,25148
2026.01,NAND Flash,8542321030,JP,일본,48593,26
2026.01,NAND Flash,8542321030,VN,베트남,52972800,3792
2026.01,NAND Flash,8542321030,HK,홍콩,327341760,9758
2026.01,NAND Flash,8542321030,FR,프랑스,0,0
2026.01,NAND Flash,8542321030,PL,폴란드,256256,326
2026.01,NAND Flash,8542321030,GB,영국,0,0
2026.01,NAND Flash,8542321030,OTHER,기타,132486627,4525
2026.02,NAND Flash,8542321030,US,미국,983,1
2026.02,NAND Flash,8542321030,CN,중국,732597134,19973
2026.02,NAND Flash,8542321030,JP,일본,33105,16
2026.02,NAND Flash,8542321030,VN,베트남,28447759,2846
2026.02,NAND Flash,8542321030,HK,홍콩,510536779,9666
2026.02,NAND Flash,8542321030,FR,프랑스,0,0
2026.02,NAND Flash,8542321030,PL,폴란드,319842,570
2026.02,NAND Flash,8542321030,GB,영국,0,0
2026.02,NAND Flash,8542321030,OTHER,기타,134287933,4425
2026.03,NAND Flash,8542321030,US,미국,134474,20
2026.03,NAND Flash,8542321030,CN,중국,977675274,21157
2026.03,NAND Flash,8542321030,JP,일본,125408,23
2026.03,NAND Flash,8542321030,VN,베트남,48968489,5043
2026.03,NAND Flash,8542321030,HK,홍콩,1226722153,21222
2026.03,NAND Flash,8542321030,FR,프랑스,0,0
2026.03,NAND Flash,8542321030,PL,폴란드,248645,425
2026.03,NAND Flash,8542321030,GB,영국,0,0
2026.03,NAND Flash,8542321030,OTHER,기타,290722503,7590
2026.04,NAND Flash,8542321030,US,미국,40423,63
2026.04,NAND Flash,8542321030,CN,중국,1256068847,21153
2026.04,NAND Flash,8542321030,JP,일본,11410,26
2026.04,NAND Flash,8542321030,VN,베트남,43146901,4425
2026.04,NAND Flash,8542321030,HK,홍콩,246926527,5501
2026.04,NAND Flash,8542321030,FR,프랑스,4566,20
2026.04,NAND Flash,8542321030,PL,폴란드,287719,324
2026.04,NAND Flash,8542321030,GB,영국,0,0
2026.04,NAND Flash,8542321030,OTHER,기타,127257706,4926
2026.05,NAND Flash,8542321030,US,미국,352003,24
2026.05,NAND Flash,8542321030,CN,중국,1345539495,18255
2026.05,NAND Flash,8542321030,JP,일본,26021,18
2026.05,NAND Flash,8542321030,VN,베트남,42323942,3706
2026.05,NAND Flash,8542321030,HK,홍콩,204109967,4442
2026.05,NAND Flash,8542321030,FR,프랑스,0,0
2026.05,NAND Flash,8542321030,PL,폴란드,242213,269
2026.05,NAND Flash,8542321030,GB,영국,4260,18
2026.05,NAND Flash,8542321030,OTHER,기타,129140799,3605
2026.06,NAND Flash,8542321030,US,미국,250261,23
2026.06,NAND Flash,8542321030,CN,중국,1559864596,16183
2026.06,NAND Flash,8542321030,JP,일본,28607,31
2026.06,NAND Flash,8542321030,VN,베트남,43380341,4445
2026.06,NAND Flash,8542321030,HK,홍콩,606297568,14840
2026.06,NAND Flash,8542321030,FR,프랑스,0,0
2026.06,NAND Flash,8542321030,PL,폴란드,281102,268
2026.06,NAND Flash,8542321030,GB,영국,0,0
2026.06,NAND Flash,8542321030,OTHER,기타,276058835,4240
2026.07,NAND Flash,8542321030,US,미국,414139,35
2026.07,NAND Flash,8542321030,CN,중국,1326129210,14499
2026.07,NAND Flash,8542321030,JP,일본,13168,13
2026.07,NAND Flash,8542321030,VN,베트남,44582467,4848
2026.07,NAND Flash,8542321030,HK,홍콩,235486167,5643
2026.07,NAND Flash,8542321030,FR,프랑스,0,0
2026.07,NAND Flash,8542321030,PL,폴란드,161880,240
2026.07,NAND Flash,8542321030,GB,영국,0,0
2026.07,NAND Flash,8542321030,OTHER,기타,173860468,3558
2026.08,NAND Flash,8542321030,US,미국,263986,39
2026.08,NAND Flash,8542321030,CN,중국,2322481159,16911
2026.08,NAND Flash,8542321030,JP,일본,1376,14
2026.08,NAND Flash,8542321030,VN,베트남,41983315,4116
2026.08,NAND Flash,8542321030,HK,홍콩,169749684,2740
2026.08,NAND Flash,8542321030,FR,프랑스,0,0
2026.08,NAND Flash,8542321030,PL,폴란드,233413,388
2026.08,NAND Flash,8542321030,GB,영국,0,0
2026.08,NAND Flash,8542321030,OTHER,기타,327439489,4171
