snapshot_date,company_id,name,period,model,months_collected,export_actual_part,export_estimate_total,export_qoq_pct,forecast_revenue_100m,forecast_low_100m,forecast_high_100m,anchor_period,anchor_revenue_100m,beta,backtest_mape_pct,consensus_revenue_100m,consensus_date,gap_vs_consensus_pct,status_note
2026-10-09,222800,심텍,2026-Q3,qoq-elasticity-v1,2026.07 2026.08,111515,170514,6.2,5408,4995,5855,2026-Q2,5146,0.832,6.8,5582,2026-10-09,-3.1,
2026-10-09,353200,대덕전자,2026-Q3,qoq-elasticity-v1,2026.07 2026.08,262651,396084,18.3,4674,4164,5246,2026-Q2,4010,0.910,9.5,4164,2026-10-09,12.2,
2026-10-09,007660,이수페타시스,2026-Q3,qoq-elasticity-v1,2026.07 2026.08,155883,223735,9.6,3989,3644,4368,2026-Q2,3799,0.536,9.1,4309,2026-10-09,-7.4,
2026-10-09,192820,코스맥스,2026-Q3,qoq-elasticity-v1,2026.07 2026.08,54488,87305,14.0,8152,7422,8953,2026-Q2,7949,0.192,7.1,8052,2026-10-09,1.2,
2026-10-09,161890,한국콜마,2026-Q3,qoq-elasticity-v1,2026.07 2026.08,17007,21811,-11.5,8510,7695,9411,2026-Q2,8613,0.099,8.4,8392,2026-10-09,1.4,
2026-10-09,007810,코리아써키트,2026-Q3,qoq-elasticity-v1,2026.07 2026.08,253317,381624,18.0,4557,4042,5137,2026-Q2,4072,0.680,4.9,4224,2026-10-09,7.9,
2026-10-09,051370,인터플렉스,2026-Q3,qoq-elasticity-v1,2026.07 2026.08,253317,381624,18.0,1082,850,1378,2026-Q2,909,1.054,19.3,940,2026-10-09,15.1,
2026-10-09,009150,삼성전기,2026-Q3,qoq-elasticity-v1,2026.07 2026.08,57609,87174,12.0,35106,30259,40729,2026-Q2,34572,0.135,4.3,38264,2026-10-09,-8.3,
2026-10-09,011070,LG이노텍,2026-Q3,qoq-elasticity-v1,2026.07 2026.08,115658,180591,9.5,63219,47844,83534,2026-Q2,55272,1.487,13.3,61048,2026-10-09,3.6,
2026-10-09,195870,해성디에스,2026-Q3,qoq-elasticity-v1,2026.07 2026.08,81041,124971,14.3,2239,2085,2404,2026-Q2,2111,0.441,6.3,2424,2026-10-09,-7.6,
2026-10-09,241710,코스메카코리아,2026-Q3,qoq-elasticity-v1,2026.07 2026.08,19642,29075,21.3,2345,2113,2603,2026-Q2,2261,0.189,8.3,2224,2026-10-09,5.5,
2026-10-09,003350,한국화장품제조,2026-Q3,qoq-elasticity-v1,2026.07 2026.08,19642,29075,,,,,,,,,719,2026-10-09,,연속 분기 변화 8개 미만
2026-10-09,090430,아모레퍼시픽,2026-Q3,qoq-elasticity-v1,2026.07 2026.08,36619,54520,,,,,,,,,11367,2026-10-09,,수출 변화와 매출 변화의 관계가 약함 (β=0.00)
2026-10-09,051900,LG생활건강,2026-Q3,qoq-elasticity-v1,2026.07 2026.08,34664,68897,,,,,,,,,16486,2026-10-09,,연속 분기 변화 8개 미만
2026-10-09,005930,삼성전자,2026-Q3,qoq-elasticity-v1,2026.07 2026.08,14403255,20964269,28.2,1825447,1641527,2029975,2026-Q2,1714995,0.251,13.5,2007657,2026-10-09,-9.1,
2026-10-09,000660,SK하이닉스,2026-Q3,qoq-elasticity-v1,2026.07 2026.08,11038757,15700169,-5.2,731863,432514,1238396,2026-Q2,793187,1.500,7.4,984172,2026-10-09,-25.6,
2026-10-09,064760,티씨케이,2026-Q3,qoq-elasticity-v1,2026.07 2026.08,77803,115358,,,,,,,,,1082,2026-10-09,,연속 분기 변화 8개 미만
2026-10-09,166090,하나머티리얼즈,2026-Q3,qoq-elasticity-v1,2026.07 2026.08,44581,73667,8.2,920,830,1018,2026-Q2,901,0.260,8.8,958,2026-10-09,-4.0,
2026-10-09,058470,리노공업,2026-Q3,qoq-elasticity-v1,2026.07 2026.08,8996,12739,,,,,,,,,1037,2026-10-09,,연속 분기 변화 8개 미만
2026-10-09,039030,이오테크닉스,2026-Q3,qoq-elasticity-v1,2026.07 2026.08,22938,29162,-26.7,1200,1029,1400,2026-Q2,1278,0.202,3.9,1256,2026-10-09,-4.4,
2026-10-09,298040,효성중공업,2026-Q3,qoq-elasticity-v1,2026.07 2026.08,111192,302918,,,,,,,,,19320,2026-10-09,,수출 변화와 매출 변화의 관계가 약함 (β=0.00)
2026-10-09,010120,LS ELECTRIC,2026-Q3,qoq-elasticity-v1,2026.07 2026.08,7354,11031,,,,,,,,,16711,2026-10-09,,최근 4개 분기 안에 수출·매출이 모두 있는 기준 분기가 없음(매출 공시 미수집)
2026-10-09,LS-CABLE,LS전선,2026-Q3,qoq-elasticity-v1,2026.07 2026.08,2468,2493,,,,,,,,,,,,최근 4개 분기 안에 수출·매출이 모두 있는 기준 분기가 없음(매출 공시 미수집)
2026-10-09,373220,LG에너지솔루션,2026-Q3,qoq-elasticity-v1,2026.07 2026.08,199673,306811,,,,,,,,,88257,2026-10-09,,수출 변화와 매출 변화의 관계가 약함 (β=0.03)
2026-10-09,006400,삼성SDI,2026-Q3,qoq-elasticity-v1,2026.07 2026.08,331436,511038,-17.0,33986,31186,37038,2026-Q2,37688,0.556,11.0,40373,2026-10-09,-15.8,
2026-10-09,247540,에코프로비엠,2026-Q3,qoq-elasticity-v1,2026.07 2026.08,260493,417302,-18.5,5144,4347,6088,2026-Q2,5767,0.559,11.1,6071,2026-10-09,-15.3,
2026-10-09,066970,엘앤에프,2026-Q3,qoq-elasticity-v1,2026.07 2026.08,2,3,,,,,,,,,9661,2026-10-09,,연속 분기 변화 8개 미만
2026-10-09,082920,비츠로셀,2026-Q3,qoq-elasticity-v1,2026.07 2026.08,21234,31662,5.5,800,649,987,2026-Q2,762,0.927,22.8,758,2026-10-09,5.6,
2026-10-09,086900,메디톡스,2026-Q3,qoq-elasticity-v1,2026.07 2026.08,11413,17500,20.6,733,671,801,2026-Q2,687,0.350,9.2,684,2026-10-09,7.2,
2026-10-09,145020,휴젤,2026-Q3,qoq-elasticity-v1,2026.07 2026.08,19845,28123,-18.3,1277,1184,1377,2026-Q2,1379,0.380,6.5,1201,2026-10-09,6.3,
2026-10-09,069620,대웅제약,2026-Q3,qoq-elasticity-v1,2026.07 2026.08,64172,95694,,,,,,,,,4613,2026-10-09,,수출 변화와 매출 변화의 관계가 약함 (β=0.05)
2026-10-09,041830,인바디,2026-Q3,qoq-elasticity-v1,2026.07 2026.08,0,0,,,,,,,,,731,2026-10-09,,자료 부족
2026-10-09,003230,삼양식품,2026-Q3,qoq-elasticity-v1,2026.07 2026.08,196065,305645,-7.1,7352,6810,7937,2026-Q2,7703,0.636,6.7,8211,2026-10-09,-10.5,
2026-10-09,004370,농심,2026-Q3,qoq-elasticity-v1,2026.07 2026.08,38096,63511,,,,,,,,,9293,2026-10-09,,수출 변화와 매출 변화의 관계가 약함 (β=0.04)
2026-10-09,007310,오뚜기,2026-Q3,qoq-elasticity-v1,2026.07 2026.08,24529,42281,,,,,,,,,,,,수출 변화와 매출 변화의 관계가 약함 (β=0.00)
2026-10-09,009830,한화솔루션,2026-Q3,qoq-elasticity-v1,2026.07 2026.08,16016,18497,,,,,,,,,46510,2026-10-09,,수출 변화와 매출 변화의 관계가 약함 (β=0.01)
