snapshot_date,company_id,period,is_estimate,revenue_100m,operating_profit_100m,source
2026-10-09,000660,2025-Q2,0,222320,92129,https://m.stock.naver.com/domestic/stock/000660/finance/quarter
2026-10-09,000660,2025-Q3,0,244489,113834,https://m.stock.naver.com/domestic/stock/000660/finance/quarter
2026-10-09,000660,2025-Q4,0,328267,191696,https://m.stock.naver.com/domestic/stock/000660/finance/quarter
2026-10-09,000660,2026-Q1,0,525763,376103,https://m.stock.naver.com/domestic/stock/000660/finance/quarter
2026-10-09,000660,2026-Q2,0,793187,605426,https://m.stock.naver.com/domestic/stock/000660/finance/quarter
2026-10-09,000660,2026-Q3,1,984172,770829,https://m.stock.naver.com/domestic/stock/000660/finance/quarter
2026-10-09,003230,2025-Q2,0,5531,1201,https://m.stock.naver.com/domestic/stock/003230/finance/quarter
2026-10-09,003230,2025-Q3,0,6320,1309,https://m.stock.naver.com/domestic/stock/003230/finance/quarter
2026-10-09,003230,2025-Q4,0,6377,1392,https://m.stock.naver.com/domestic/stock/003230/finance/quarter
2026-10-09,003230,2026-Q1,0,7144,1771,https://m.stock.naver.com/domestic/stock/003230/finance/quarter
2026-10-09,003230,2026-Q2,0,7703,1762,https://m.stock.naver.com/domestic/stock/003230/finance/quarter
2026-10-09,003230,2026-Q3,1,8211,1871,https://m.stock.naver.com/domestic/stock/003230/finance/quarter
2026-10-09,003350,2025-Q2,0,538,108,https://m.stock.naver.com/domestic/stock/003350/finance/quarter
2026-10-09,003350,2025-Q3,0,548,119,https://m.stock.naver.com/domestic/stock/003350/finance/quarter
2026-10-09,003350,2025-Q4,0,380,42,https://m.stock.naver.com/domestic/stock/003350/finance/quarter
2026-10-09,003350,2026-Q1,0,522,86,https://m.stock.naver.com/domestic/stock/003350/finance/quarter
2026-10-09,003350,2026-Q2,0,712,140,https://m.stock.naver.com/domestic/stock/003350/finance/quarter
2026-10-09,003350,2026-Q3,1,719,158,https://m.stock.naver.com/domestic/stock/003350/finance/quarter
2026-10-09,003670,2025-Q2,0,6609,8,https://m.stock.naver.com/domestic/stock/003670/finance/quarter
2026-10-09,003670,2025-Q3,0,8748,667,https://m.stock.naver.com/domestic/stock/003670/finance/quarter
2026-10-09,003670,2025-Q4,0,5576,-518,https://m.stock.naver.com/domestic/stock/003670/finance/quarter
2026-10-09,003670,2026-Q1,0,7575,177,https://m.stock.naver.com/domestic/stock/003670/finance/quarter
2026-10-09,003670,2026-Q2,0,6795,267,https://m.stock.naver.com/domestic/stock/003670/finance/quarter
2026-10-09,003670,2026-Q3,1,7977,228,https://m.stock.naver.com/domestic/stock/003670/finance/quarter
2026-10-09,004370,2025-Q2,0,8677,402,https://m.stock.naver.com/domestic/stock/004370/finance/quarter
2026-10-09,004370,2025-Q3,0,8712,544,https://m.stock.naver.com/domestic/stock/004370/finance/quarter
2026-10-09,004370,2025-Q4,0,8824,334,https://m.stock.naver.com/domestic/stock/004370/finance/quarter
2026-10-09,004370,2026-Q1,0,9340,674,https://m.stock.naver.com/domestic/stock/004370/finance/quarter
2026-10-09,004370,2026-Q2,0,9561,593,https://m.stock.naver.com/domestic/stock/004370/finance/quarter
2026-10-09,004370,2026-Q3,1,9293,622,https://m.stock.naver.com/domestic/stock/004370/finance/quarter
2026-10-09,005930,2025-Q2,0,745663,46761,https://m.stock.naver.com/domestic/stock/005930/finance/quarter
2026-10-09,005930,2025-Q3,0,860617,121661,https://m.stock.naver.com/domestic/stock/005930/finance/quarter
2026-10-09,005930,2025-Q4,0,938374,200737,https://m.stock.naver.com/domestic/stock/005930/finance/quarter
2026-10-09,005930,2026-Q1,0,1338734,572328,https://m.stock.naver.com/domestic/stock/005930/finance/quarter
2026-10-09,005930,2026-Q2,0,1714995,894924,https://m.stock.naver.com/domestic/stock/005930/finance/quarter
2026-10-09,005930,2026-Q3,1,2007657,1069435,https://m.stock.naver.com/domestic/stock/005930/finance/quarter
2026-10-09,006400,2025-Q2,0,31794,-3978,https://m.stock.naver.com/domestic/stock/006400/finance/quarter
2026-10-09,006400,2025-Q3,0,30518,-5913,https://m.stock.naver.com/domestic/stock/006400/finance/quarter
2026-10-09,006400,2025-Q4,0,38587,-2992,https://m.stock.naver.com/domestic/stock/006400/finance/quarter
2026-10-09,006400,2026-Q1,0,35764,-1556,https://m.stock.naver.com/domestic/stock/006400/finance/quarter
2026-10-09,006400,2026-Q2,0,37688,2038,https://m.stock.naver.com/domestic/stock/006400/finance/quarter
2026-10-09,006400,2026-Q3,1,40373,1654,https://m.stock.naver.com/domestic/stock/006400/finance/quarter
2026-10-09,007310,2025-Q2,0,9020,451,https://m.stock.naver.com/domestic/stock/007310/finance/quarter
2026-10-09,007310,2025-Q3,0,9555,553,https://m.stock.naver.com/domestic/stock/007310/finance/quarter
2026-10-09,007310,2025-Q4,0,8962,193,https://m.stock.naver.com/domestic/stock/007310/finance/quarter
2026-10-09,007310,2026-Q1,0,9552,594,https://m.stock.naver.com/domestic/stock/007310/finance/quarter
2026-10-09,007310,2026-Q2,0,9438,453,https://m.stock.naver.com/domestic/stock/007310/finance/quarter
2026-10-09,007310,2026-Q3,1,,,https://m.stock.naver.com/domestic/stock/007310/finance/quarter
2026-10-09,007660,2025-Q2,0,2414,421,https://m.stock.naver.com/domestic/stock/007660/finance/quarter
2026-10-09,007660,2025-Q3,0,2961,584,https://m.stock.naver.com/domestic/stock/007660/finance/quarter
2026-10-09,007660,2025-Q4,0,2980,565,https://m.stock.naver.com/domestic/stock/007660/finance/quarter
2026-10-09,007660,2026-Q1,0,3403,672,https://m.stock.naver.com/domestic/stock/007660/finance/quarter
2026-10-09,007660,2026-Q2,0,3799,771,https://m.stock.naver.com/domestic/stock/007660/finance/quarter
2026-10-09,007660,2026-Q3,1,4309,964,https://m.stock.naver.com/domestic/stock/007660/finance/quarter
2026-10-09,007810,2025-Q2,0,3313,62,https://m.stock.naver.com/domestic/stock/007810/finance/quarter
2026-10-09,007810,2025-Q3,0,3757,133,https://m.stock.naver.com/domestic/stock/007810/finance/quarter
2026-10-09,007810,2025-Q4,0,4481,361,https://m.stock.naver.com/domestic/stock/007810/finance/quarter
2026-10-09,007810,2026-Q1,0,4199,264,https://m.stock.naver.com/domestic/stock/007810/finance/quarter
2026-10-09,007810,2026-Q2,0,4072,193,https://m.stock.naver.com/domestic/stock/007810/finance/quarter
2026-10-09,007810,2026-Q3,1,4224,172,https://m.stock.naver.com/domestic/stock/007810/finance/quarter
2026-10-09,009150,2025-Q2,0,27846,2130,https://m.stock.naver.com/domestic/stock/009150/finance/quarter
2026-10-09,009150,2025-Q3,0,28890,2603,https://m.stock.naver.com/domestic/stock/009150/finance/quarter
2026-10-09,009150,2025-Q4,0,29021,2395,https://m.stock.naver.com/domestic/stock/009150/finance/quarter
2026-10-09,009150,2026-Q1,0,32091,2806,https://m.stock.naver.com/domestic/stock/009150/finance/quarter
2026-10-09,009150,2026-Q2,0,34572,4404,https://m.stock.naver.com/domestic/stock/009150/finance/quarter
2026-10-09,009150,2026-Q3,1,38264,6423,https://m.stock.naver.com/domestic/stock/009150/finance/quarter
2026-10-09,009830,2025-Q2,0,31173,1021,https://m.stock.naver.com/domestic/stock/009830/finance/quarter
2026-10-09,009830,2025-Q3,0,33643,-74,https://m.stock.naver.com/domestic/stock/009830/finance/quarter
2026-10-09,009830,2025-Q4,0,37570,-4897,https://m.stock.naver.com/domestic/stock/009830/finance/quarter
2026-10-09,009830,2026-Q1,0,38820,926,https://m.stock.naver.com/domestic/stock/009830/finance/quarter
2026-10-09,009830,2026-Q2,0,45827,3065,https://m.stock.naver.com/domestic/stock/009830/finance/quarter
2026-10-09,009830,2026-Q3,1,46510,2096,https://m.stock.naver.com/domestic/stock/009830/finance/quarter
2026-10-09,010120,2025-Q2,0,11930,1086,https://m.stock.naver.com/domestic/stock/010120/finance/quarter
2026-10-09,010120,2025-Q3,0,12163,1008,https://m.stock.naver.com/domestic/stock/010120/finance/quarter
2026-10-09,010120,2025-Q4,0,15244,1297,https://m.stock.naver.com/domestic/stock/010120/finance/quarter
2026-10-09,010120,2026-Q1,0,13766,1266,https://m.stock.naver.com/domestic/stock/010120/finance/quarter
2026-10-09,010120,2026-Q2,0,15770,1785,https://m.stock.naver.com/domestic/stock/010120/finance/quarter
2026-10-09,010120,2026-Q3,1,16711,1903,https://m.stock.naver.com/domestic/stock/010120/finance/quarter
2026-10-09,011070,2025-Q2,0,39346,114,https://m.stock.naver.com/domestic/stock/011070/finance/quarter
2026-10-09,011070,2025-Q3,0,53694,2037,https://m.stock.naver.com/domestic/stock/011070/finance/quarter
2026-10-09,011070,2025-Q4,0,76098,3248,https://m.stock.naver.com/domestic/stock/011070/finance/quarter
2026-10-09,011070,2026-Q1,0,55348,2953,https://m.stock.naver.com/domestic/stock/011070/finance/quarter
2026-10-09,011070,2026-Q2,0,55272,2458,https://m.stock.naver.com/domestic/stock/011070/finance/quarter
2026-10-09,011070,2026-Q3,1,61048,2029,https://m.stock.naver.com/domestic/stock/011070/finance/quarter
2026-10-09,039030,2025-Q2,0,943,258,https://m.stock.naver.com/domestic/stock/039030/finance/quarter
2026-10-09,039030,2025-Q3,0,1005,260,https://m.stock.naver.com/domestic/stock/039030/finance/quarter
2026-10-09,039030,2025-Q4,0,1013,144,https://m.stock.naver.com/domestic/stock/039030/finance/quarter
2026-10-09,039030,2026-Q1,0,1151,298,https://m.stock.naver.com/domestic/stock/039030/finance/quarter
2026-10-09,039030,2026-Q2,0,1278,391,https://m.stock.naver.com/domestic/stock/039030/finance/quarter
2026-10-09,039030,2026-Q3,1,1256,349,https://m.stock.naver.com/domestic/stock/039030/finance/quarter
2026-10-09,041830,2025-Q2,0,562,104,https://m.stock.naver.com/domestic/stock/041830/finance/quarter
2026-10-09,041830,2025-Q3,0,598,98,https://m.stock.naver.com/domestic/stock/041830/finance/quarter
2026-10-09,041830,2025-Q4,0,624,95,https://m.stock.naver.com/domestic/stock/041830/finance/quarter
2026-10-09,041830,2026-Q1,0,684,130,https://m.stock.naver.com/domestic/stock/041830/finance/quarter
2026-10-09,041830,2026-Q2,0,733,177,https://m.stock.naver.com/domestic/stock/041830/finance/quarter
2026-10-09,041830,2026-Q3,1,731,149,https://m.stock.naver.com/domestic/stock/041830/finance/quarter
2026-10-09,051370,2025-Q2,0,858,18,https://m.stock.naver.com/domestic/stock/051370/finance/quarter
2026-10-09,051370,2025-Q3,0,1020,59,https://m.stock.naver.com/domestic/stock/051370/finance/quarter
2026-10-09,051370,2025-Q4,0,1484,125,https://m.stock.naver.com/domestic/stock/051370/finance/quarter
2026-10-09,051370,2026-Q1,0,1290,53,https://m.stock.naver.com/domestic/stock/051370/finance/quarter
2026-10-09,051370,2026-Q2,0,909,-52,https://m.stock.naver.com/domestic/stock/051370/finance/quarter
2026-10-09,051370,2026-Q3,1,940,-20,https://m.stock.naver.com/domestic/stock/051370/finance/quarter
2026-10-09,051900,2025-Q2,0,16049,548,https://m.stock.naver.com/domestic/stock/051900/finance/quarter
2026-10-09,051900,2025-Q3,0,15800,462,https://m.stock.naver.com/domestic/stock/051900/finance/quarter
2026-10-09,051900,2025-Q4,0,14728,-727,https://m.stock.naver.com/domestic/stock/051900/finance/quarter
2026-10-09,051900,2026-Q1,0,15766,1078,https://m.stock.naver.com/domestic/stock/051900/finance/quarter
2026-10-09,051900,2026-Q2,0,16574,1028,https://m.stock.naver.com/domestic/stock/051900/finance/quarter
2026-10-09,051900,2026-Q3,1,16486,1057,https://m.stock.naver.com/domestic/stock/051900/finance/quarter
2026-10-09,058470,2025-Q2,0,1125,534,https://m.stock.naver.com/domestic/stock/058470/finance/quarter
2026-10-09,058470,2025-Q3,0,968,483,https://m.stock.naver.com/domestic/stock/058470/finance/quarter
2026-10-09,058470,2025-Q4,0,848,404,https://m.stock.naver.com/domestic/stock/058470/finance/quarter
2026-10-09,058470,2026-Q1,0,998,473,https://m.stock.naver.com/domestic/stock/058470/finance/quarter
2026-10-09,058470,2026-Q2,0,1432,735,https://m.stock.naver.com/domestic/stock/058470/finance/quarter
2026-10-09,058470,2026-Q3,1,1037,500,https://m.stock.naver.com/domestic/stock/058470/finance/quarter
2026-10-09,064760,2025-Q2,0,727,195,https://m.stock.naver.com/domestic/stock/064760/finance/quarter
2026-10-09,064760,2025-Q3,0,792,224,https://m.stock.naver.com/domestic/stock/064760/finance/quarter
2026-10-09,064760,2025-Q4,0,711,185,https://m.stock.naver.com/domestic/stock/064760/finance/quarter
2026-10-09,064760,2026-Q1,0,954,286,https://m.stock.naver.com/domestic/stock/064760/finance/quarter
2026-10-09,064760,2026-Q2,0,949,269,https://m.stock.naver.com/domestic/stock/064760/finance/quarter
2026-10-09,064760,2026-Q3,1,1082,327,https://m.stock.naver.com/domestic/stock/064760/finance/quarter
2026-10-09,066970,2025-Q2,0,5201,-1212,https://m.stock.naver.com/domestic/stock/066970/finance/quarter
2026-10-09,066970,2025-Q3,0,6523,221,https://m.stock.naver.com/domestic/stock/066970/finance/quarter
2026-10-09,066970,2025-Q4,0,6178,825,https://m.stock.naver.com/domestic/stock/066970/finance/quarter
2026-10-09,066970,2026-Q1,0,7396,1173,https://m.stock.naver.com/domestic/stock/066970/finance/quarter
2026-10-09,066970,2026-Q2,0,8850,208,https://m.stock.naver.com/domestic/stock/066970/finance/quarter
2026-10-09,066970,2026-Q3,1,9661,178,https://m.stock.naver.com/domestic/stock/066970/finance/quarter
2026-10-09,069620,2025-Q2,0,4054,579,https://m.stock.naver.com/domestic/stock/069620/finance/quarter
2026-10-09,069620,2025-Q3,0,4118,569,https://m.stock.naver.com/domestic/stock/069620/finance/quarter
2026-10-09,069620,2025-Q4,0,3971,433,https://m.stock.naver.com/domestic/stock/069620/finance/quarter
2026-10-09,069620,2026-Q1,0,3778,222,https://m.stock.naver.com/domestic/stock/069620/finance/quarter
2026-10-09,069620,2026-Q2,0,4485,681,https://m.stock.naver.com/domestic/stock/069620/finance/quarter
2026-10-09,069620,2026-Q3,1,4613,871,https://m.stock.naver.com/domestic/stock/069620/finance/quarter
2026-10-09,082920,2025-Q2,0,565,161,https://m.stock.naver.com/domestic/stock/082920/finance/quarter
2026-10-09,082920,2025-Q3,0,553,167,https://m.stock.naver.com/domestic/stock/082920/finance/quarter
2026-10-09,082920,2025-Q4,0,773,213,https://m.stock.naver.com/domestic/stock/082920/finance/quarter
2026-10-09,082920,2026-Q1,0,683,203,https://m.stock.naver.com/domestic/stock/082920/finance/quarter
2026-10-09,082920,2026-Q2,0,762,188,https://m.stock.naver.com/domestic/stock/082920/finance/quarter
2026-10-09,082920,2026-Q3,1,758,234,https://m.stock.naver.com/domestic/stock/082920/finance/quarter
2026-10-09,086900,2025-Q2,0,616,63,https://m.stock.naver.com/domestic/stock/086900/finance/quarter
2026-10-09,086900,2025-Q3,0,610,89,https://m.stock.naver.com/domestic/stock/086900/finance/quarter
2026-10-09,086900,2025-Q4,0,607,-37,https://m.stock.naver.com/domestic/stock/086900/finance/quarter
2026-10-09,086900,2026-Q1,0,607,74,https://m.stock.naver.com/domestic/stock/086900/finance/quarter
2026-10-09,086900,2026-Q2,0,687,48,https://m.stock.naver.com/domestic/stock/086900/finance/quarter
2026-10-09,086900,2026-Q3,1,684,82,https://m.stock.naver.com/domestic/stock/086900/finance/quarter
2026-10-09,090430,2025-Q2,0,10050,737,https://m.stock.naver.com/domestic/stock/090430/finance/quarter
2026-10-09,090430,2025-Q3,0,10169,919,https://m.stock.naver.com/domestic/stock/090430/finance/quarter
2026-10-09,090430,2025-Q4,0,11634,525,https://m.stock.naver.com/domestic/stock/090430/finance/quarter
2026-10-09,090430,2026-Q1,0,11358,1267,https://m.stock.naver.com/domestic/stock/090430/finance/quarter
2026-10-09,090430,2026-Q2,0,11759,1173,https://m.stock.naver.com/domestic/stock/090430/finance/quarter
2026-10-09,090430,2026-Q3,1,11367,1174,https://m.stock.naver.com/domestic/stock/090430/finance/quarter
2026-10-09,090460,2025-Q2,0,3897,160,https://m.stock.naver.com/domestic/stock/090460/finance/quarter
2026-10-09,090460,2025-Q3,0,5625,345,https://m.stock.naver.com/domestic/stock/090460/finance/quarter
2026-10-09,090460,2025-Q4,0,5080,288,https://m.stock.naver.com/domestic/stock/090460/finance/quarter
2026-10-09,090460,2026-Q1,0,3716,107,https://m.stock.naver.com/domestic/stock/090460/finance/quarter
2026-10-09,090460,2026-Q2,0,4142,79,https://m.stock.naver.com/domestic/stock/090460/finance/quarter
2026-10-09,090460,2026-Q3,1,5435,366,https://m.stock.naver.com/domestic/stock/090460/finance/quarter
2026-10-09,103590,2025-Q2,0,5228,376,https://m.stock.naver.com/domestic/stock/103590/finance/quarter
2026-10-09,103590,2025-Q3,0,4502,353,https://m.stock.naver.com/domestic/stock/103590/finance/quarter
2026-10-09,103590,2025-Q4,0,6142,442,https://m.stock.naver.com/domestic/stock/103590/finance/quarter
2026-10-09,103590,2026-Q1,0,5061,508,https://m.stock.naver.com/domestic/stock/103590/finance/quarter
2026-10-09,103590,2026-Q2,0,6374,720,https://m.stock.naver.com/domestic/stock/103590/finance/quarter
2026-10-09,103590,2026-Q3,1,5841,633,https://m.stock.naver.com/domestic/stock/103590/finance/quarter
2026-10-09,145020,2025-Q2,0,1103,567,https://m.stock.naver.com/domestic/stock/145020/finance/quarter
2026-10-09,145020,2025-Q3,0,1059,474,https://m.stock.naver.com/domestic/stock/145020/finance/quarter
2026-10-09,145020,2025-Q4,0,1191,578,https://m.stock.naver.com/domestic/stock/145020/finance/quarter
2026-10-09,145020,2026-Q1,0,1166,476,https://m.stock.naver.com/domestic/stock/145020/finance/quarter
2026-10-09,145020,2026-Q2,0,1379,560,https://m.stock.naver.com/domestic/stock/145020/finance/quarter
2026-10-09,145020,2026-Q3,1,1201,416,https://m.stock.naver.com/domestic/stock/145020/finance/quarter
2026-10-09,161890,2025-Q2,0,7308,735,https://m.stock.naver.com/domestic/stock/161890/finance/quarter
2026-10-09,161890,2025-Q3,0,6830,583,https://m.stock.naver.com/domestic/stock/161890/finance/quarter
2026-10-09,161890,2025-Q4,0,6555,478,https://m.stock.naver.com/domestic/stock/161890/finance/quarter
2026-10-09,161890,2026-Q1,0,7280,789,https://m.stock.naver.com/domestic/stock/161890/finance/quarter
2026-10-09,161890,2026-Q2,0,8613,1103,https://m.stock.naver.com/domestic/stock/161890/finance/quarter
2026-10-09,161890,2026-Q3,1,8392,923,https://m.stock.naver.com/domestic/stock/161890/finance/quarter
2026-10-09,166090,2025-Q2,0,641,85,https://m.stock.naver.com/domestic/stock/166090/finance/quarter
2026-10-09,166090,2025-Q3,0,698,120,https://m.stock.naver.com/domestic/stock/166090/finance/quarter
2026-10-09,166090,2025-Q4,0,809,209,https://m.stock.naver.com/domestic/stock/166090/finance/quarter
2026-10-09,166090,2026-Q1,0,934,213,https://m.stock.naver.com/domestic/stock/166090/finance/quarter
2026-10-09,166090,2026-Q2,0,901,260,https://m.stock.naver.com/domestic/stock/166090/finance/quarter
2026-10-09,166090,2026-Q3,1,958,255,https://m.stock.naver.com/domestic/stock/166090/finance/quarter
2026-10-09,192820,2025-Q2,0,6236,608,https://m.stock.naver.com/domestic/stock/192820/finance/quarter
2026-10-09,192820,2025-Q3,0,5856,427,https://m.stock.naver.com/domestic/stock/192820/finance/quarter
2026-10-09,192820,2025-Q4,0,6010,409,https://m.stock.naver.com/domestic/stock/192820/finance/quarter
2026-10-09,192820,2026-Q1,0,6820,530,https://m.stock.naver.com/domestic/stock/192820/finance/quarter
2026-10-09,192820,2026-Q2,0,7949,737,https://m.stock.naver.com/domestic/stock/192820/finance/quarter
2026-10-09,192820,2026-Q3,1,8052,751,https://m.stock.naver.com/domestic/stock/192820/finance/quarter
2026-10-09,195870,2025-Q2,0,1574,82,https://m.stock.naver.com/domestic/stock/195870/finance/quarter
2026-10-09,195870,2025-Q3,0,1786,161,https://m.stock.naver.com/domestic/stock/195870/finance/quarter
2026-10-09,195870,2025-Q4,0,1799,218,https://m.stock.naver.com/domestic/stock/195870/finance/quarter
2026-10-09,195870,2026-Q1,0,1887,110,https://m.stock.naver.com/domestic/stock/195870/finance/quarter
2026-10-09,195870,2026-Q2,0,2111,249,https://m.stock.naver.com/domestic/stock/195870/finance/quarter
2026-10-09,195870,2026-Q3,1,2424,343,https://m.stock.naver.com/domestic/stock/195870/finance/quarter
2026-10-09,222800,2025-Q2,0,3408,55,https://m.stock.naver.com/domestic/stock/222800/finance/quarter
2026-10-09,222800,2025-Q3,0,3728,124,https://m.stock.naver.com/domestic/stock/222800/finance/quarter
2026-10-09,222800,2025-Q4,0,3934,103,https://m.stock.naver.com/domestic/stock/222800/finance/quarter
2026-10-09,222800,2026-Q1,0,4224,137,https://m.stock.naver.com/domestic/stock/222800/finance/quarter
2026-10-09,222800,2026-Q2,0,5146,629,https://m.stock.naver.com/domestic/stock/222800/finance/quarter
2026-10-09,222800,2026-Q3,1,5582,853,https://m.stock.naver.com/domestic/stock/222800/finance/quarter
2026-10-09,241710,2025-Q2,0,1617,230,https://m.stock.naver.com/domestic/stock/241710/finance/quarter
2026-10-09,241710,2025-Q3,0,1824,272,https://m.stock.naver.com/domestic/stock/241710/finance/quarter
2026-10-09,241710,2025-Q4,0,1785,210,https://m.stock.naver.com/domestic/stock/241710/finance/quarter
2026-10-09,241710,2026-Q1,0,1851,219,https://m.stock.naver.com/domestic/stock/241710/finance/quarter
2026-10-09,241710,2026-Q2,0,2261,321,https://m.stock.naver.com/domestic/stock/241710/finance/quarter
2026-10-09,241710,2026-Q3,1,2224,317,https://m.stock.naver.com/domestic/stock/241710/finance/quarter
2026-10-09,247540,2025-Q2,0,7797,490,https://m.stock.naver.com/domestic/stock/247540/finance/quarter
2026-10-09,247540,2025-Q3,0,6251,505,https://m.stock.naver.com/domestic/stock/247540/finance/quarter
2026-10-09,247540,2025-Q4,0,4970,416,https://m.stock.naver.com/domestic/stock/247540/finance/quarter
2026-10-09,247540,2026-Q1,0,6054,209,https://m.stock.naver.com/domestic/stock/247540/finance/quarter
2026-10-09,247540,2026-Q2,0,5767,180,https://m.stock.naver.com/domestic/stock/247540/finance/quarter
2026-10-09,247540,2026-Q3,1,6071,174,https://m.stock.naver.com/domestic/stock/247540/finance/quarter
2026-10-09,267260,2025-Q2,0,9062,2091,https://m.stock.naver.com/domestic/stock/267260/finance/quarter
2026-10-09,267260,2025-Q3,0,9954,2471,https://m.stock.naver.com/domestic/stock/267260/finance/quarter
2026-10-09,267260,2025-Q4,0,11632,3209,https://m.stock.naver.com/domestic/stock/267260/finance/quarter
2026-10-09,267260,2026-Q1,0,10365,2583,https://m.stock.naver.com/domestic/stock/267260/finance/quarter
2026-10-09,267260,2026-Q2,0,11418,2870,https://m.stock.naver.com/domestic/stock/267260/finance/quarter
2026-10-09,267260,2026-Q3,1,11831,3145,https://m.stock.naver.com/domestic/stock/267260/finance/quarter
2026-10-09,298040,2025-Q2,0,15253,1643,https://m.stock.naver.com/domestic/stock/298040/finance/quarter
2026-10-09,298040,2025-Q3,0,16241,2198,https://m.stock.naver.com/domestic/stock/298040/finance/quarter
2026-10-09,298040,2025-Q4,0,17430,2605,https://m.stock.naver.com/domestic/stock/298040/finance/quarter
2026-10-09,298040,2026-Q1,0,13582,1523,https://m.stock.naver.com/domestic/stock/298040/finance/quarter
2026-10-09,298040,2026-Q2,0,16870,2643,https://m.stock.naver.com/domestic/stock/298040/finance/quarter
2026-10-09,298040,2026-Q3,1,19320,3208,https://m.stock.naver.com/domestic/stock/298040/finance/quarter
2026-10-09,353200,2025-Q2,0,2459,19,https://m.stock.naver.com/domestic/stock/353200/finance/quarter
2026-10-09,353200,2025-Q3,0,2862,244,https://m.stock.naver.com/domestic/stock/353200/finance/quarter
2026-10-09,353200,2025-Q4,0,3179,289,https://m.stock.naver.com/domestic/stock/353200/finance/quarter
2026-10-09,353200,2026-Q1,0,3463,513,https://m.stock.naver.com/domestic/stock/353200/finance/quarter
2026-10-09,353200,2026-Q2,0,4010,703,https://m.stock.naver.com/domestic/stock/353200/finance/quarter
2026-10-09,353200,2026-Q3,1,4164,766,https://m.stock.naver.com/domestic/stock/353200/finance/quarter
2026-10-09,373220,2025-Q2,0,55654,4922,https://m.stock.naver.com/domestic/stock/373220/finance/quarter
2026-10-09,373220,2025-Q3,0,56999,6013,https://m.stock.naver.com/domestic/stock/373220/finance/quarter
2026-10-09,373220,2025-Q4,0,61415,-1220,https://m.stock.naver.com/domestic/stock/373220/finance/quarter
2026-10-09,373220,2026-Q1,0,65550,-2078,https://m.stock.naver.com/domestic/stock/373220/finance/quarter
2026-10-09,373220,2026-Q2,0,71415,1133,https://m.stock.naver.com/domestic/stock/373220/finance/quarter
2026-10-09,373220,2026-Q3,1,88257,3217,https://m.stock.naver.com/domestic/stock/373220/finance/quarter
